OBJECTID_1,OBJECTID,StaID,SITENAME,CATEGORY,AGENCY,LONGDD,LATDD,SITEURL,Datum_H,Datum_R,conv,hgtNAVD,GageMax,MaxTS,QueryTS
1,1,08067548,"W Fk San Jacinto Rv nr Huntsville, TX",ST,USGS,-95.675224,30.6460298,https://waterdata.usgs.gov/nwis/inventory?agency_code=USGS&site_no=08067548,0, NAVD88,0,232.28,232.28,2017-08-27 07:30 CDT,2017-08-27 09:12:44 EDT
2,2,08067650,"W Fk San Jacinto Rv bl Lk Conroe nr Conroe, TX",ST,USGS,-95.542998,30.34215289,https://waterdata.usgs.gov/nwis/inventory?agency_code=USGS&site_no=08067650,116.06, NGVD29,-0.0173,162.2327,46.19,2017-08-27 07:30 CDT,2017-08-27 09:12:45 EDT
3,3,08067920,"Lake Ck at Sendera Ranch Rd nr Conroe, TX",ST,USGS,-95.5636944,30.25775,https://waterdata.usgs.gov/nwis/inventory?agency_code=USGS&site_no=08067920,0, NAVD88,0,150.96,150.96,2017-08-27 07:45 CDT,2017-08-27 09:12:46 EDT
4,4,08068000,"W Fk San Jacinto Rv nr Conroe, TX",ST,USGS,-95.4571616,30.24465738,https://waterdata.usgs.gov/nwis/inventory?agency_code=USGS&site_no=08068000,0, NAVD88,0,126.97,126.97,2017-08-27 07:15 CDT,2017-08-27 09:12:47 EDT
5,5,08068090,"W Fk San Jacinto Rv abv Lk Houston nr Porter, TX",ST,USGS,-95.3382222,30.14116667,https://waterdata.usgs.gov/nwis/inventory?agency_code=USGS&site_no=08068090,0, NAVD88,0,94.83,94.83,2017-08-27 07:45 CDT,2017-08-27 09:12:48 EDT
6,6,08068275,"Spring Ck nr Tomball, TX",ST,USGS,-95.6460559,30.11993899,https://waterdata.usgs.gov/nwis/inventory?agency_code=USGS&site_no=08068275,0, NAVD88,0,166.35,166.35,2017-08-27 08:00 CDT,2017-08-27 09:12:49 EDT
7,7,08068325,"Willow Ck nr Tomball, TX",ST,USGS,-95.5466084,30.10549526,https://waterdata.usgs.gov/nwis/inventory?agency_code=USGS&site_no=08068325,0, NAVD88,0,133.7,133.7,2017-08-27 07:45 CDT,2017-08-27 09:12:50 EDT
8,8,08068390,"Bear Br at Research Blvd, The Woodlands, TX",ST,USGS,-95.4911111,30.19055556,https://waterdata.usgs.gov/nwis/inventory?agency_code=USGS&site_no=08068390,0, NAVD88,0.004,140.02,140.02,2017-08-27 07:45 CDT,2017-08-27 09:12:51 EDT
9,9,08068400,"Panther Br at Gosling Rd, The Woodlands, TX",ST,USGS,-95.4838288,30.192159,https://waterdata.usgs.gov/nwis/inventory?agency_code=USGS&site_no=08068400,0, NAVD88,0,137.43,137.43,2017-08-27 07:00 CDT,2017-08-27 09:12:52 EDT
10,10,08068450,"Panther Br nr Spring, TX",ST,USGS,-95.4777175,30.1343832,https://waterdata.usgs.gov/nwis/inventory?agency_code=USGS&site_no=08068450,0, NAVD88,0,117.31,117.31,2017-08-27 07:00 CDT,2017-08-27 09:12:53 EDT
11,11,08068500,"Spring Ck nr Spring, TX",ST,USGS,-95.4363275,30.11049517,https://waterdata.usgs.gov/nwis/inventory?agency_code=USGS&site_no=08068500,0, NAVD88,0,111.45,111.45,2017-08-27 07:45 CDT,2017-08-27 09:12:54 EDT
12,12,08068700,"Cypress Ck at Sharp Rd nr Hockley, TX",ST,USGS,-95.840229,29.92105823,https://waterdata.usgs.gov/nwis/inventory?agency_code=USGS&site_no=08068700,0, NAVD88,0,169.99,169.99,2017-08-27 07:15 CDT,2017-08-27 09:12:55 EDT
13,13,08068720,"Cypress Ck at Katy-Hockley Rd nr Hockley, TX",ST,USGS,-95.8082835,29.9502237,https://waterdata.usgs.gov/nwis/inventory?agency_code=USGS&site_no=08068720,0, NAVD88,0,162.84,162.84,2017-08-27 07:45 CDT,2017-08-27 09:12:56 EDT
14,14,08068740,"Cypress Ck at House-Hahl Rd nr Cypress, TX",ST,USGS,-95.7177249,29.959112,https://waterdata.usgs.gov/nwis/inventory?agency_code=USGS&site_no=08068740,0, NAVD88,0,149.28,149.28,2017-08-27 07:15 CDT,2017-08-27 09:12:57 EDT
15,15,08068780,"Little Cypress Ck nr Cypress, TX",ST,USGS,-95.6974463,30.01605437,https://waterdata.usgs.gov/nwis/inventory?agency_code=USGS&site_no=08068780,0, NAVD88,0,161.1,161.1,2017-08-27 06:15 CDT,2017-08-27 09:12:57 EDT
16,17,08068900,"Cypress Ck at Stuebner-Airline Rd nr Westfield, TX",ST,USGS,-95.511885,30.00660994,https://waterdata.usgs.gov/nwis/inventory?agency_code=USGS&site_no=08068900,0, NAVD88,0,113.67,113.67,2017-08-27 07:45 CDT,2017-08-27 09:12:59 EDT
17,18,08069000,"Cypress Ck nr Westfield, TX",ST,USGS,-95.428827,30.0357753,https://waterdata.usgs.gov/nwis/inventory?agency_code=USGS&site_no=08069000,0, NAVD88,0,97.1,97.1,2017-08-27 08:00 CDT,2017-08-27 09:13:00 EDT
18,19,08069500,"W Fk San Jacinto Rv nr Humble, TX",ST,USGS,-95.2579888,30.02716385,https://waterdata.usgs.gov/nwis/inventory?agency_code=USGS&site_no=08069500,0, NAVD88,0,69.1,69.1,2017-08-27 07:45 CDT,2017-08-27 09:13:01 EDT
19,20,08070000,"E Fk San Jacinto Rv nr Cleveland, TX",ST,USGS,-95.1040999,30.33659809,https://waterdata.usgs.gov/nwis/inventory?agency_code=USGS&site_no=08070000,107.98, NGVD29,-0.0196,135.1304,27.17,2017-08-27 07:45 CDT,2017-08-27 09:13:02 EDT
20,21,08070200,"E Fk San Jacinto Rv nr New Caney, TX",ST,USGS,-95.1243756,30.1454932,https://waterdata.usgs.gov/nwis/inventory?agency_code=USGS&site_no=08070200,0, NAVD88,0,80.05,80.05,2017-08-27 08:00 CDT,2017-08-27 09:13:03 EDT
21,22,08070500,"Caney Ck nr Splendora, TX",ST,USGS,-95.3024361,30.25965789,https://waterdata.usgs.gov/nwis/inventory?agency_code=USGS&site_no=08070500,118.44, NGVD29,-0.0105,145.0095,26.58,2017-08-27 07:30 CDT,2017-08-27 09:13:04 EDT
22,23,08071000,"Peach Ck at Splendora, TX",ST,USGS,-95.1682662,30.2327137,https://waterdata.usgs.gov/nwis/inventory?agency_code=USGS&site_no=08071000,81.61, NGVD29,-0.0161,107.1639,25.57,2017-08-27 08:00 CDT,2017-08-27 09:13:05 EDT
23,24,08071280,"Luce Bayou abv Lk Houston nr Huffman, TX",ST,USGS,-95.0599294,30.10966019,https://waterdata.usgs.gov/nwis/inventory?agency_code=USGS&site_no=08071280,39.91, NGVD29,-0.01,77.76,37.86,2017-08-27 07:15 CDT,2017-08-27 09:13:06 EDT
24,27,08072000,"Lk Houston nr Sheldon, TX",ST,USGS,-95.141111,29.916111,https://waterdata.usgs.gov/tx/nwis/inventory/?site_no=08072000&agency_cd=USGS,0,NAVD88,0,52.51,52.51, , 
25,30,08067600,"Lk Conroe nr Conroe, TX",ST,USGS,-95.560833,30.358333,https://waterdata.usgs.gov/tx/nwis/inventory/?site_no=08067600&agency_cd=USGS,0,NGVD29,-0.016,206.224,206.24, , 
26,32,08067650,"W Fk San Jacinto Rv bl Lk Conroe nr Conroe, TX",ST,USGS,-95.542998,30.34215289,https://waterdata.usgs.gov/nwis/inventory?agency_code=USGS&site_no=08067650,116.06, NGVD29,-0.0173,168.23,46.19,2017-08-27 07:30 CDT,2017-08-27 09:12:45 EDT
27,33,08042558,"W Fk Double Bayou at Eagle Ferry Rd nr Anahuac, TX",ST,USGS,-94.6661139,29.67555556,https://waterdata.usgs.gov/nwis/inventory?agency_code=USGS&site_no=08042558,3, NAVD88,0,10.61,7.61,2017-08-27 07:30 CDT,2017-08-27 09:12:29 EDT
28,34,08066500,"Trinity Rv at Romayor, TX",ST,USGS,-94.8507622,30.4252067,https://waterdata.usgs.gov/nwis/inventory?agency_code=USGS&site_no=08066500,25.92, NGVD29,-0.0382,68.6218,42.74,2017-08-27 07:30 CDT,2017-08-27 09:12:37 EDT
29,35,08067000,"Trinity Rv at Liberty, TX",ST,USGS,-94.8182567,30.05771539,https://waterdata.usgs.gov/nwis/inventory?agency_code=USGS&site_no=08067000,-2.22, NGVD29,-0.0099,30.5101,32.74,2017-08-27 07:15 CDT,2017-08-27 09:12:38 EDT
30,36,08067100,"Trinity Rv nr Moss Bluff, TX",ST,USGS,-94.774366,29.9418847,https://waterdata.usgs.gov/nwis/inventory?agency_code=USGS&site_no=08067100,0, NAVD88,0,18.6,18.6,2017-08-27 07:30 CDT,2017-08-27 09:12:40 EDT
31,37,08067252,"Trinity Rv at Wallisville, TX",ST,USGS,-94.7313087,29.8124434,https://waterdata.usgs.gov/nwis/inventory?agency_code=USGS&site_no=08067252,0, NGVD29,-0.0085,7.3715,7.38, ,2017-08-27 09:12:41 EDT
32,38,08067500,"Cedar Bayou nr Crosby, TX",ST,USGS,-94.9857602,29.97271914,https://waterdata.usgs.gov/nwis/inventory?agency_code=USGS&site_no=08067500,0, NAVD88,0,58.96,58.96,2017-08-27 07:30 CDT,2017-08-27 09:12:42 EDT
33,39,08067525,"Goose Ck at Baytown, TX",ST,USGS,-94.9996503,29.77078197,https://waterdata.usgs.gov/nwis/inventory?agency_code=USGS&site_no=08067525,0, NGVD29,0.0081,21.8981,21.89,2017-08-27 07:15 CDT,2017-08-27 09:12:43 EDT
34,40,08072300,"Buffalo Bayou nr Katy, TX",ST,USGS,-95.8068951,29.74328664,https://waterdata.usgs.gov/nwis/inventory?agency_code=USGS&site_no=08072300,0, NAVD88,0,118.12,118.12,2017-08-27 07:30 CDT,2017-08-27 09:13:08 EDT
35,41,08072350,"Buffalo Bayou nr Fulshear, TX",ST,USGS,-95.7671718,29.7230092,https://waterdata.usgs.gov/nwis/inventory?agency_code=USGS&site_no=08072350,0, NAVD88,0,102.73,102.73,2017-08-26 20:00 CDT,2017-08-27 09:13:09 EDT
36,42,08072600,"Buffalo Bayou at State Hwy 6 nr Addicks, TX",ST,USGS,-95.6431667,29.76938056,https://waterdata.usgs.gov/nwis/inventory?agency_code=USGS&site_no=08072600,0, NAVD88,0,83.56,83.56,2017-08-27 07:30 CDT,2017-08-27 09:13:10 EDT
37,43,08072680,"S Mayde Ck at Heathergold Dr nr Addicks, TX",ST,USGS,-95.7096111,29.8051111,https://waterdata.usgs.gov/nwis/inventory?agency_code=USGS&site_no=08072680,0, NAVD88,0,113.79,113.79,2017-08-26 21:30 CDT,2017-08-27 09:13:11 EDT
38,44,08072730,"Bear Ck nr Barker, TX",ST,USGS,-95.6868912,29.8307828,https://waterdata.usgs.gov/nwis/inventory?agency_code=USGS&site_no=08072730,0, NAVD88,0,120.27,120.27,2017-08-27 02:00 CDT,2017-08-27 09:13:12 EDT
39,45,08072760,"Langham Ck at W Little York Rd nr Addicks, TX",ST,USGS,-95.646612,29.86717035,https://waterdata.usgs.gov/nwis/inventory?agency_code=USGS&site_no=08072760,0, NAVD88,0,111.39,111.39,2017-08-27 02:00 CDT,2017-08-27 09:13:13 EDT
40,47,08073100,"Langham Ck at Addicks Res Outflow nr Addicks, TX",ST,USGS,-95.6241119,29.79050608,https://waterdata.usgs.gov/nwis/inventory?agency_code=USGS&site_no=08073100,-999, ,-999,82.49,82.49,2017-08-27 07:45 CDT,2017-08-27 09:13:16 EDT
41,48,08073500,"Buffalo Bayou nr Addicks, TX",ST,USGS,-95.6057782,29.7618958,https://waterdata.usgs.gov/nwis/inventory?agency_code=USGS&site_no=08073500,0, NAVD88,0,76.96,76.96,2017-08-27 07:15 CDT,2017-08-27 09:13:17 EDT
42,49,08073600,"Buffalo Bayou at W Belt Dr, Houston, TX",ST,USGS,-95.5577213,29.76217336,https://waterdata.usgs.gov/nwis/inventory?agency_code=USGS&site_no=08073600,0, NAVD88,0,71.18,71.18,2017-08-27 07:30 CDT,2017-08-27 09:13:18 EDT
43,50,08073700,"Buffalo Bayou at Piney Point, TX",ST,USGS,-95.5235538,29.7468959,https://waterdata.usgs.gov/nwis/inventory?agency_code=USGS&site_no=08073700,0, NAVD88,0,63.89,63.89,2017-08-27 08:00 CDT,2017-08-27 09:13:19 EDT
44,51,08074000,"Buffalo Bayou at Houston, TX",ST,USGS,-95.4085505,29.76022829,https://waterdata.usgs.gov/nwis/inventory?agency_code=USGS&site_no=08074000,0, NAVD88,0,38.78,38.78,2017-08-27 07:30 CDT,2017-08-27 09:13:20 EDT
45,52,08074020,"Whiteoak Bayou at Alabonson Rd, Houston, TX",ST,USGS,-95.4804961,29.87078073,https://waterdata.usgs.gov/nwis/inventory?agency_code=USGS&site_no=08074020,0, NAVD88,0,77.56,77.56,2017-08-27 07:45 CDT,2017-08-27 09:13:24 EDT
46,53,08074150,"Cole Ck at Deihl Rd, Houston, TX",ST,USGS,-95.4879965,29.8513369,https://waterdata.usgs.gov/nwis/inventory?agency_code=USGS&site_no=08074150,0, NAVD88,0,74.58,74.58,2017-08-27 06:45 CDT,2017-08-27 09:13:25 EDT
47,54,08074250,"Brickhouse Gully at Costa Rica St, Houston, TX",ST,USGS,-95.469385,29.82800424,https://waterdata.usgs.gov/nwis/inventory?agency_code=USGS&site_no=08074250,0, NAVD88,0,66.48,66.48,2017-08-27 07:30 CDT,2017-08-27 09:13:26 EDT
48,55,08074540,"Little Whiteoak Bayou at Trimble St, Houston, TX",ST,USGS,-95.3680556,29.79277778,https://waterdata.usgs.gov/nwis/inventory?agency_code=USGS&site_no=08074540,0, NAVD88,0,44.13,44.13,2017-08-27 08:00 CDT,2017-08-27 09:13:28 EDT
49,56,08074598,"Whiteoak Bayou at Main St, Houston, TX",ST,USGS,-95.358549,29.76661676,https://waterdata.usgs.gov/nwis/inventory?agency_code=USGS&site_no=08074598,0, NAVD88,0,37.19,37.19,2017-08-27 08:00 CDT,2017-08-27 09:13:29 EDT
50,57,08074760,"Brays Bayou at Alief, TX",ST,USGS,-95.583,29.7091197,https://waterdata.usgs.gov/nwis/inventory?agency_code=USGS&site_no=08074760,0, NAVD88,0,70.45,70.45,2017-08-27 07:30 CDT,2017-08-27 09:13:30 EDT
51,58,08074800,"Keegans Bayou at Roark Rd nr Houston, TX",ST,USGS,-95.5621664,29.65662136,https://waterdata.usgs.gov/nwis/inventory?agency_code=USGS&site_no=08074800,0, NAVD88,0,75.39,75.39,2017-08-27 02:15 CDT,2017-08-27 09:13:31 EDT
52,59,08074810,"Brays Bayou at Gessner Dr, Houston, TX",ST,USGS,-95.5282765,29.6727317,https://waterdata.usgs.gov/nwis/inventory?agency_code=USGS&site_no=08074810,0, NAVD88,0,59.08,59.08,2017-08-26 23:30 CDT,2017-08-27 09:13:32 EDT
53,60,08075000,"Brays Bayou at Houston, TX",ST,USGS,-95.412162,29.69717469,https://waterdata.usgs.gov/nwis/inventory?agency_code=USGS&site_no=08075000,0, NAVD88,0,45.67,45.67,2017-08-27 04:30 CDT,2017-08-27 09:13:33 EDT
54,61,08075110,"Brays Bayou at MLK Jr Blvd, Houston, TX",ST,USGS,-95.3388889,29.71416667,https://waterdata.usgs.gov/nwis/inventory?agency_code=USGS&site_no=08075110,0, NAVD88,0,31.93,31.93,2017-08-27 07:45 CDT,2017-08-27 09:13:34 EDT
55,62,08075400,"Sims Bayou at Hiram Clarke St, Houston, TX",ST,USGS,-95.4460522,29.61884399,https://waterdata.usgs.gov/nwis/inventory?agency_code=USGS&site_no=08075400,0, NAVD88,0,46.78,46.78,2017-08-27 07:00 CDT,2017-08-27 09:13:35 EDT
56,63,08075500,"Sims Bayou at Houston, TX",ST,USGS,-95.2893807,29.67439687,https://waterdata.usgs.gov/nwis/inventory?agency_code=USGS&site_no=08075500,0, NAVD88,0,26.56,26.56,2017-08-27 07:30 CDT,2017-08-27 09:13:36 EDT
57,64,08075605,"Berry Bayou at Nevada St, Houston, TX",ST,USGS,-95.2291011,29.65661915,https://waterdata.usgs.gov/nwis/inventory?agency_code=USGS&site_no=08075605,0, NAVD88,0,31.27,31.27,2017-08-27 04:30 CDT,2017-08-27 09:13:37 EDT
58,65,08075730,"Vince Bayou at Pasadena, TX",ST,USGS,-95.216323,29.69467363,https://waterdata.usgs.gov/nwis/inventory?agency_code=USGS&site_no=08075730,0, NAVD88,0,21.27,21.27,2017-08-27 01:45 CDT,2017-08-27 09:13:38 EDT
59,66,08075763,"Hunting Bayou at Hoffman St, Houston, TX",ST,USGS,-95.3132696,29.80883745,https://waterdata.usgs.gov/nwis/inventory?agency_code=USGS&site_no=08075763,0, NAVD88,0,43.62,43.62,2017-08-27 02:15 CDT,2017-08-27 09:13:39 EDT
60,67,08075770,"Hunting Bayou at IH 610, Houston, TX",ST,USGS,-95.2679907,29.79328217,https://waterdata.usgs.gov/nwis/inventory?agency_code=USGS&site_no=08075770,0, NAVD88,0,36.97,36.97,2017-08-27 07:15 CDT,2017-08-27 09:13:40 EDT
61,68,08075780,"Greens Bayou at Cutten Rd nr Houston, TX",ST,USGS,-95.5196633,29.94911178,https://waterdata.usgs.gov/nwis/inventory?agency_code=USGS&site_no=08075780,0, NGVD29,0.0175,111.8575,111.84,2017-08-27 07:15 CDT,2017-08-27 09:13:41 EDT
62,69,08075900,"Greens Bayou nr US Hwy 75 nr Houston, TX",ST,USGS,-95.4179936,29.95688886,https://waterdata.usgs.gov/nwis/inventory?agency_code=USGS&site_no=08075900,0, NAVD88,0,85.86,85.86,2017-08-27 07:45 CDT,2017-08-27 09:13:42 EDT
63,70,08076000,"Greens Bayou nr Houston, TX",ST,USGS,-95.3068796,29.9182784,https://waterdata.usgs.gov/nwis/inventory?agency_code=USGS&site_no=08076000,0, NAVD88,0,62.62,62.62,2017-08-27 07:30 CDT,2017-08-27 09:13:43 EDT
64,71,08076180,"Garners Bayou nr Humble, TX",ST,USGS,-95.2339608,29.93386089,https://waterdata.usgs.gov/nwis/inventory?agency_code=USGS&site_no=08076180,0, NAVD88,0,57.89,57.89,2017-08-27 07:15 CDT,2017-08-27 09:13:44 EDT
65,72,08076500,"Halls Bayou at Houston, TX",ST,USGS,-95.3349365,29.86189143,https://waterdata.usgs.gov/nwis/inventory?agency_code=USGS&site_no=08076500,0, NAVD88,0,57.4,57.4,2017-08-27 08:00 CDT,2017-08-27 09:13:45 EDT
66,73,08076700,"Greens Bayou at Ley Rd, Houston, TX",ST,USGS,-95.2332671,29.8371695,https://waterdata.usgs.gov/nwis/inventory?agency_code=USGS&site_no=08076700,-2.13, NGVD29,0.0071,37.3871,39.51,2017-08-27 07:45 CDT,2017-08-27 09:13:46 EDT
67,74,08076997,"Clear Ck at Mykawa St nr Pearland, TX",ST,USGS,-95.2974366,29.5968991,https://waterdata.usgs.gov/nwis/inventory?agency_code=USGS&site_no=08076997,0, NAVD88,0,46.9,46.9,2017-08-27 08:00 CDT,2017-08-27 09:13:47 EDT
68,75,08077600,"Clear Ck nr Friendswood, TX",ST,USGS,-95.178544,29.51745517,https://waterdata.usgs.gov/nwis/inventory?agency_code=USGS&site_no=08077600,0, NAVD88,0,24.08,24.08,2017-08-27 07:15 CDT,2017-08-27 09:13:48 EDT
69,85,08072050,"San Jacinto Rv nr Sheldon, TX",ST,USGS,-95.0938189,29.87633426,https://waterdata.usgs.gov/nwis/inventory?agency_code=USGS&site_no=08072050,0, NAVD88,0,28.5,28.5,2017-08-27 07:15 CDT,2017-08-27 09:13:07 EDT
70,86,08073000,"Addicks Res nr Addicks, TX",ST,USGS,-95.62333,29.791111,https://waterdata.usgs.gov/nwis/inventory/?site_no=08073000&agency_cd=USGS,0,NAVD88,0,109.09,109.09, , 
71,87,08072500,"Barker Res nr Addicks, TX",ST,USGS,-95.646944, 29.769722,https://waterdata.usgs.gov/tx/nwis/inventory/?site_no=08072500&agency_cd=USGS,0,NAVD88,0,101.56,101.56, , 
72,115,08014500,"Ouiska Chitto Creek Near Oberlin, LA",ST,USGS,-92.8931944,30.69875,https://waterdata.usgs.gov/nwis/inventory?agency_code=USGS&site_no=08014500,46.24, NGVD29,-0.0171,66.4229,20.2,2017-08-29 08:00 CDT,2017-08-29 09:29:44 EDT
73,116,08014800,"Bundick Creek near DeRidder, LA",ST,USGS,-93.2301619,30.81880557,https://waterdata.usgs.gov/nwis/inventory?agency_code=USGS&site_no=08014800,113.25, NAVD88,0,133.41,20.16,2017-08-29 04:00 CDT,2017-08-29 09:29:45 EDT
74,117,08014881,"Bundick Lake at Spillway near DeRidder, LA",LK,USGS,-93.095,30.72666667,https://waterdata.usgs.gov/nwis/inventory?agency_code=USGS&site_no=08014881,89.08, NGVD29,-0.1949,100.9251,12.04,2017-08-29 07:45 CDT,2017-08-29 09:29:46 EDT
75,118,08015500,"Calcasieu River near Kinder, LA",ST,USGS,-92.9154167,30.50255556,https://waterdata.usgs.gov/nwis/inventory?agency_code=USGS&site_no=08015500,11.95, NGVD29,0.1156,33.0956,21.03,2017-08-29 08:00 CDT,2017-08-29 09:29:47 EDT
76,121,08017118,"Calcasieu River at Cameron, LA",ES,USGS,-93.349043,29.8157762,https://waterdata.usgs.gov/nwis/inventory?agency_code=USGS&site_no=08017118,0, NAVD88,0,4.57,4.57,2017-08-28 06:45 CDT,2017-08-29 09:29:50 EDT
77,122,08025500,"Bayou Toro near Toro, LA",ST,USGS,-93.5157295,31.30712737,https://waterdata.usgs.gov/nwis/inventory?agency_code=USGS&site_no=08025500,138, NGVD29,-0.2633,163.2867,25.55,2017-08-28 23:15 CDT,2017-08-29 09:29:51 EDT
78,123,08026000,"Sabine Rv nr Burkeville, TX",ST,USGS,-93.5196165,31.06408004,https://waterdata.usgs.gov/nwis/inventory?agency_code=USGS&site_no=08026000,60.59, NGVD29,-0.3119,105.9081,45.63,2017-08-29 06:45 CDT,2017-08-29 09:29:52 EDT
79,124,08028000,"Bayou Anacoco near Rosepine, LA",ST,USGS,-93.3529438,30.95297038,https://waterdata.usgs.gov/nwis/inventory?agency_code=USGS&site_no=08028000,118.09, NGVD29,-0.5404,144.7596,27.21,2017-08-29 07:45 CDT,2017-08-29 09:29:53 EDT
80,125,08028500,"Sabine Rv nr Bon Wier, TX",ST,USGS,-93.608508,30.74714557,https://waterdata.usgs.gov/nwis/inventory?agency_code=USGS&site_no=08028500,33.42, NGVD29,-0.1522,71.1378,37.87,2017-08-29 08:15 CDT,2017-08-29 09:29:54 EDT
81,126,08030500,"Sabine Rv nr Ruliff, TX",ST,USGS,-93.7437784,30.30381684,https://waterdata.usgs.gov/nwis/inventory?agency_code=USGS&site_no=08030500,-5.92, NGVD29,0.1495,24.7295,30.5,2017-08-29 07:45 CDT,2017-08-29 09:29:55 EDT
82,129,08025360,"Sabine Rv at Toledo Bd Res nr Burkeville, TX",ST,USGS,-93.5660077,31.1737991,https://waterdata.usgs.gov/nwis/inventory?agency_code=USGS&site_no=08025360,0, NGVD29,-0.2644,113.7056,113.97,2017-08-29 05:45 CDT,2017-08-29 09:29:58 EDT
83,130,08029500,"Big Cow Ck nr Newton, TX",ST,USGS,-93.7855556,30.81888889,https://waterdata.usgs.gov/nwis/inventory?agency_code=USGS&site_no=08029500,134.69, NGVD29,-0.0566,155.7134,21.08,2017-08-29 01:30 CDT,2017-08-29 09:29:59 EDT
84,131,08030540,"Sabine Rv (at Navy Pier) at Orange, TX",ST,USGS,-93.7215544,30.09798774,https://waterdata.usgs.gov/nwis/inventory?agency_code=USGS&site_no=08030540,0, NAVD88,0,5.78,5.78,2017-08-28 10:15 CDT,2017-08-29 09:30:00 EDT
85,132,08031000,"Cow Bayou nr Mauriceville, TX",ST,USGS,-93.9085058,30.18632045,https://waterdata.usgs.gov/nwis/inventory?agency_code=USGS&site_no=08031000,-0.27, NGVD29,0.1151,26.3651,26.52,2017-08-29 08:00 CDT,2017-08-29 09:30:01 EDT
86,133,08032500,"Neches Rv nr Alto, TX",ST,USGS,-95.1659965,31.57945569,https://waterdata.usgs.gov/nwis/inventory?agency_code=USGS&site_no=08032500,198.29, NGVD29,-0.1347,209.7753,11.62,2017-08-29 07:15 CDT,2017-08-29 09:30:03 EDT
87,134,08033000,"Neches Rv nr Diboll, TX",ST,USGS,-94.8099306,31.13296574,https://waterdata.usgs.gov/nwis/inventory?agency_code=USGS&site_no=08033000,136.46, NGVD29,-0.1151,151.3749,15.03,2017-08-29 08:15 CDT,2017-08-29 09:30:04 EDT
88,135,08033500,"Neches Rv nr Rockland, TX",ST,USGS,-94.3994444,31.025,https://waterdata.usgs.gov/nwis/inventory?agency_code=USGS&site_no=08033500,88.41, NGVD29,-0.0518,120.2182,31.86,2017-08-29 08:00 CDT,2017-08-29 09:30:05 EDT
89,136,08038000,"Attoyac Bayou nr Chireno, TX",ST,USGS,-94.3043677,31.50434957,https://waterdata.usgs.gov/nwis/inventory?agency_code=USGS&site_no=08038000,169.58, NGVD29,-0.1274,187.4126,17.96,2017-08-29 07:30 CDT,2017-08-29 09:30:06 EDT
90,137,08039100,"Ayish Bayou nr San Augustine, TX",ST,USGS,-94.1510289,31.39629597,https://waterdata.usgs.gov/nwis/inventory?agency_code=USGS&site_no=08039100,190.22, NGVD29,-0.0865,207.5335,17.4,2017-08-29 08:15 CDT,2017-08-29 09:30:07 EDT
91,138,08040600,"Neches Rv nr Town Bluff, TX",ST,USGS,-94.1510237,30.79103579,https://waterdata.usgs.gov/nwis/inventory?agency_code=USGS&site_no=08040600,0, NGVD29,-0.0033,80.5067,80.51,2017-08-29 08:00 CDT,2017-08-29 09:30:10 EDT
92,139,08041000,"Neches Rv at Evadale, TX",ST,USGS,-94.0932373,30.35576378,https://waterdata.usgs.gov/nwis/inventory?agency_code=USGS&site_no=08041000,8.25, NGVD29,0.0521,32.6721,24.37,2017-08-29 08:00 CDT,2017-08-29 09:30:11 EDT
93,140,08041500,"Village Ck nr Kountze, TX",ST,USGS,-94.2635215,30.3979862,https://waterdata.usgs.gov/nwis/inventory?agency_code=USGS&site_no=08041500,25.12, NGVD29,0.0155,59.8355,34.7,2017-08-29 08:15 CDT,2017-08-29 09:30:12 EDT
94,141,08041700,"Pine Island Bayou nr Sour Lake, TX",ST,USGS,-94.3346324,30.1060464,https://waterdata.usgs.gov/nwis/inventory?agency_code=USGS&site_no=08041700,0, NGVD29,-0.0416,39.3784,39.42,2017-08-29 07:45 CDT,2017-08-29 09:30:13 EDT
95,142,08041749,"Pine Island Bayou abv BI Pump Plant, Beaumont, TX",ST,USGS,-94.1887943,30.17882253,https://waterdata.usgs.gov/nwis/inventory?agency_code=USGS&site_no=08041749,-0.84, NAVD88,0,20.15,20.99,2017-08-29 07:15 CDT,2017-08-29 09:30:14 EDT
96,144,08065350,"Trinity Rv nr Crockett, TX",ST,USGS,-95.6563407,31.33851319,https://waterdata.usgs.gov/nwis/inventory?agency_code=USGS&site_no=08065350,141.15, NGVD29,0.0189,151.9289,10.76,2017-08-22 01:30 CDT,2017-08-29 09:30:17 EDT
97,145,08065800,"Bedias Ck nr Madisonville, TX",ST,USGS,-95.7777778,30.8847222,https://waterdata.usgs.gov/nwis/inventory?agency_code=USGS&site_no=08065800,150, NGVD29,0.0012,175.8712,25.87,2017-08-28 12:45 CDT,2017-08-29 09:30:18 EDT
98,146,08066000,"Trinity Rv at Riverside, TX",ST,USGS,-95.39883,30.85935514,https://waterdata.usgs.gov/nwis/inventory?agency_code=USGS&site_no=08066000,0, NAVD88,0,137.48,137.48,2017-08-28 17:00 CDT,2017-08-29 09:30:20 EDT
99,147,08066175,"Kickapoo Ck at Onalaska, TX",ST,USGS,-95.0803889,30.88675,https://waterdata.usgs.gov/nwis/inventory?agency_code=USGS&site_no=08066175,0, NGVD29,-0.049,148.521,148.57,2017-08-28 09:45 CDT,2017-08-29 09:30:22 EDT
100,148,08066200,"Long King Ck at Livingston, TX",ST,USGS,-94.9588237,30.716306,https://waterdata.usgs.gov/nwis/inventory?agency_code=USGS&site_no=08066200,100.12, NGVD29,-0.0472,127.9728,27.9,2017-08-28 16:15 CDT,2017-08-29 09:30:23 EDT
101,149,08066250,"Trinity Rv nr Goodrich, TX",ST,USGS,-94.9488223,30.57214544,https://waterdata.usgs.gov/nwis/inventory?agency_code=USGS&site_no=08066250,40, NGVD29,-0.0466,88.3434,48.39,2017-08-29 07:45 CDT,2017-08-29 09:30:26 EDT
102,150,08066300,"Menard Ck nr Rye, TX",ST,USGS,-94.7797222,30.48138889,https://waterdata.usgs.gov/nwis/inventory?agency_code=USGS&site_no=08066300,62.32, NGVD29,-0.025,98.265,35.97,2017-08-29 08:15 CDT,2017-08-29 09:30:29 EDT
103,25, ,Estimated by comparing gage 08072050 to BFE, , , , ,https://waterdata.usgs.gov/nwis/inventory?agency_code=USGS&site_no=08072050,0,NAVD88,0,33.5,33.23,2017-08-27 07:15 CDT,2017-08-27 09:13:07 EDT
104,26, ,Estimated extent of impoundment using BFEs, , ,-95.141111,29.916111,https://waterdata.usgs.gov/tx/nwis/inventory/?site_no=08072000&agency_cd=USGS,0,NAVD88,0,52.51,52.51, , 
105,28, ,Estimated extent of impoundment using BFEs, , ,-95.141111,29.916111,https://waterdata.usgs.gov/tx/nwis/inventory/?site_no=08072000&agency_cd=USGS,0,NAVD88,0,52.51,52.51, , 
106,29, ,Estimated extent of impoundment using BFEs, , ,-95.141111,29.916111,https://waterdata.usgs.gov/tx/nwis/inventory/?site_no=08072000&agency_cd=USGS,0,NAVD88,0,52.51,52.51, , 
107,31, ,Estimated extent of impoundment using BFEs,ST, , , ,https://waterdata.usgs.gov/tx/nwis/inventory/?site_no=08067600&agency_cd=USGS,0,NGVD29,-0.016,206.224,206.24, , 
108,76,8771013,"Eagle Point, TX", ,NOAA,-94.9183,29.48,https://tidesandcurrents.noaa.gov/stationhome.html?id=8771013,0,MLLW,0.0785,4.8555,4.777, , 
109,77,8770733,"Lynchburg Landing, TX", ,NOAA,-95.0783,29.765,https://tidesandcurrents.noaa.gov/stationhome.html?id=8770733,0,MLLW,-0.004,11.945,11.949, , 
110,78,8770777,"Manchester, TX", ,NOAA,-95.2658,29.7263,https://tidesandcurrents.noaa.gov/stationhome.html?id=8770777,0,MLLW,0.1544,12.1034,11.949, , 
111,79,8770613,"Morgans Point, TX", ,NOAA,-94.985,29.6817,https://tidesandcurrents.noaa.gov/stationhome.html?id=8770613,0,MLLW,-0.0526,4.6574,4.71, , 
112,80,8771972,"San Luis Pass, TX", ,NOAA,-95.1313,29.081,https://tidesandcurrents.noaa.gov/stationhome.html?id=8771972,0,MLLW,-0.0263,4.1727,4.199, , 
113,81,08078000,"Chocolate Bayou nr Alvin, TX",ST,USGS,-95.3230476,29.37154349,https://waterdata.usgs.gov/nwis/inventory?agency_code=USGS&site_no=08078000,0.31, NGVD29,0.0058,34.2158,33.9,2017-08-27 08:15 CDT,2017-08-27 09:46:35 EDT
114,82,8770613,"Morgans Point, TX", ,NOAA,-94.985,29.6817,https://tidesandcurrents.noaa.gov/stationhome.html?id=8770613,0,MLLW,-0.0526,4.6574,4.71, , 
115,83,8770733,"Lynchburg Landing, TX", ,NOAA,-95.0783,29.765,https://tidesandcurrents.noaa.gov/stationhome.html?id=8770733,0,MLLW,-0.004,11.945,11.949, , 
116,84,8771013,"Eagle Point, TX", ,NOAA,-94.9183,29.48,https://tidesandcurrents.noaa.gov/stationhome.html?id=8771013,0,MLLW,0.0785,4.8555,4.777, , 
117,151,8770475,"Port Arthur, TX", ,NOAA,-93.93,29.8667,https://tidesandcurrents.noaa.gov/stationhome.html?id=8770475,0,MLLW,0.2325,4.3235,4.091, , 
118,152,8768094,"Calcasieu Pass, LA", ,NOAA,-93.3429,29.7682,https://tidesandcurrents.noaa.gov/stationhome.html?id=8768094,0,MLLW,-0.7945,3.86,4.71, , 
119,153,8767961,"Bulk Terminal, LA", ,NOAA,-93.3008,30.1902,https://tidesandcurrents.noaa.gov/stationhome.html?id=8767961,0,MLLW,-0.3313,4.1997,4.531, , 
120,154,8767816,"Lake Charles, LA", ,NOAA,-93.2217,30.2236,https://tidesandcurrents.noaa.gov/stationhome.html?id=8767816,0.44,NAVD88,0,5.37,4.93, , 
121,156,08066190,"Livingston Res nr Goodrich, TX", ,USGS,-95.01,30.633333,https://waterdata.usgs.gov/nwis/inventory/?site_no=08066190&agency_cd=USGS,0,NGVD29,-0.052,133.628,133.68, , 
122,157,08040000,"B. A. Steinhagen Lk at Town Bluff, TX", ,USGS,-94.18,30.795278,https://waterdata.usgs.gov/tx/nwis/inventory/?site_no=08040000&agency_cd=USGS,0,NGVD29,0.007,84.1585,84.15, , 
123,158,08039300,"Sam Rayburn Res nr Jasper, TX", ,USGS,94.106025,31.060750,https://waterdata.usgs.gov/nwis/nwismap/?site_no=08039300&agency_cd=USGS,0,NGVD29,-0.039,166.4477,166.49, , 
124,159, ,Estimated extent of impoundment, ,USGS,-95.01,30.633333,https://waterdata.usgs.gov/nwis/inventory/?site_no=08066190&agency_cd=USGS,0,NGVD29,-0.052,133.628,133.68, , 
125,160, ,Estimated extent of impoundment, ,USGS,-95.01,30.633333,https://waterdata.usgs.gov/nwis/inventory/?site_no=08066190&agency_cd=USGS,0,NGVD29,-0.052,133.628,133.68, , 
126,161, ,Estimated extent of impoundment, ,USGS,-95.01,30.633333,https://waterdata.usgs.gov/nwis/inventory/?site_no=08066190&agency_cd=USGS,0,NGVD29,-0.052,133.628,133.68, , 
127,162, ,Estimated extent of impoundment, ,USGS,-94.18,30.795278,https://waterdata.usgs.gov/tx/nwis/inventory/?site_no=08040000&agency_cd=USGS,0,NGVD29,0.007,84.1585,84.15, , 
128,163, ,Estimated extent of impoundment, ,USGS,94.106025,31.060750,https://waterdata.usgs.gov/nwis/nwismap/?site_no=08039300&agency_cd=USGS,0,NGVD29,-0.039,165.931,165.97, , 
129,164, ,Estimated extent of impoundment, ,USGS,94.106025,31.060750,https://waterdata.usgs.gov/nwis/nwismap/?site_no=08039300&agency_cd=USGS,0,NGVD29,-0.039,165.931,165.97, , 
130,165, ,Duplicated gage 08040600 at base of dam for better interpolation,ST,USGS,-94.1510237,30.79103579,https://waterdata.usgs.gov/nwis/inventory?agency_code=USGS&site_no=08040600,0, NGVD29,-0.0033,80.5067,80.51,2017-08-29 08:00 CDT,2017-08-29 09:30:10 EDT
131,166, ,Angelina River @ Lake Sam Rayburn.  Estimated using terrain., , , , , , , ,0,100,0, , 
132,167, ,Base of Lake Livingston dam.  Estimated using BFE gradient, , , , , , , ,0,102,0, , 
133,168,8077647,"Dickinson Bayou at SH 3, Dickinson, TX",ST,USGS,-95.0470497242,29.4565885471,https://waterdata.usgs.gov/nwis/inventory/?site_no=08077647&agency_cd=USGS,0,NAVD88,0,12.36,12.36,2017-08-27 09:45CDT,2017-08-30 11:19:54 EDT
134,169,8771013,"Eagle Point, TX", ,NOAA,-94.9183,29.48,https://tidesandcurrents.noaa.gov/stationhome.html?id=8771013,0,MLLW,0.0785,4.8555,4.777, , 
135,170,08098450,"Brazos Rv at FM 485 near Hearne, TX",ST,USGS,-96.6951667,30.86508333,https://waterdata.usgs.gov/nwis/inventory?agency_code=USGS&site_no=08098450,242, NAVD88,0,268.45,26.45,2017-08-29 03:45 CDT,2017-08-30 09:55:28 EDT
136,171,08108700,"Brazos Rv at SH 21 nr Bryan, TX",ST,USGS,-96.544135,30.6268665,https://waterdata.usgs.gov/nwis/inventory?agency_code=USGS&site_no=08108700,189.3, NGVD29,0.1073,214.1573,24.75,2017-08-28 14:45 CDT,2017-08-30 09:55:29 EDT
137,172,08108780,"Little Brazos Rv at FM 485 nr Hearne, TX",ST,USGS,-96.6402778,30.87944444,https://waterdata.usgs.gov/nwis/inventory?agency_code=USGS&site_no=08108780,251, NAVD88,0,265.54,14.54,2017-08-28 06:30 CDT,2017-08-30 09:55:30 EDT
138,173,08111500,"Brazos Rv nr Hempstead, TX",ST,USGS,-96.1877387,30.12910626,https://waterdata.usgs.gov/nwis/inventory?agency_code=USGS&site_no=08111500,107.9, NGVD29,0.0592,159.1992,51.24,2017-08-28 17:00 CDT,2017-08-30 09:55:45 EDT
139,174,08111700,"Mill Ck nr Bellville, TX",ST,USGS,-96.2052402,29.88106145,https://waterdata.usgs.gov/nwis/inventory?agency_code=USGS&site_no=08111700,122.82, NGVD29,0.0718,150.2918,27.4,2017-08-29 21:00 CDT,2017-08-30 09:55:46 EDT
140,175,08111850,"Brazos Rv at San Felipe, TX",ST,USGS,-96.0955556,29.80833333,https://waterdata.usgs.gov/nwis/inventory?agency_code=USGS&site_no=08111850,0, NAVD88,0,129,129,2017-08-29 03:30 CDT,2017-08-30 09:55:47 EDT
141,176,08114000,"Brazos Rv at Richmond, TX",ST,USGS,-95.7577275,29.5824589,https://waterdata.usgs.gov/nwis/inventory?agency_code=USGS&site_no=08114000,27.94, NGVD29,0.0119,83.1419,55.19,2017-08-30 08:15 CDT,2017-08-30 09:55:48 EDT
142,177,08115000,"Big Ck nr Needville, TX",ST,USGS,-95.8030067,29.47190769,https://waterdata.usgs.gov/nwis/inventory?agency_code=USGS&site_no=08115000,59.39, NGVD29,0.0111,81.1111,21.71,2017-08-27 21:45 CDT,2017-08-30 09:55:49 EDT
143,178,08116400,"Dry Ck nr Rosenberg, TX",ST,USGS,-95.7468942,29.51190593,https://waterdata.usgs.gov/nwis/inventory?agency_code=USGS&site_no=08116400,0, NAVD88,0,82.43,82.43,2017-08-27 10:30 CDT,2017-08-30 09:55:50 EDT
144,179,08116650,"Brazos Rv nr Rosharon, TX",ST,USGS,-95.5824448,29.3496858,https://waterdata.usgs.gov/nwis/inventory?agency_code=USGS&site_no=08116650,0, NGVD29,0.0008,52.6508,52.65,2017-08-29 19:00 CDT,2017-08-30 09:55:51 EDT
145,180,08116850,"Brazos Rv nr West Columbia, TX",ST,USGS,-95.6060571,29.1444131,https://waterdata.usgs.gov/nwis/inventory?agency_code=USGS&site_no=08116850,0, NGVD29,-0.0413,30.5987,30.64,2017-08-30 08:30 CDT,2017-08-30 09:55:52 EDT
146,0,08109700,"Middle Yegua Ck nr Dime Box, TX",ST,USGS,-96.9047037,30.33937764,https://waterdata.usgs.gov/nwis/inventory?agency_code=USGS&site_no=08109700,295.4, NGVD29,0.1642,308.9142,13.35,2017-08-28 18:00 CDT,2017-08-30 09:55:31 EDT
147,0,08109800,"E Yegua Ck nr Dime Box, TX",ST,USGS,-96.8174791,30.40743105,https://waterdata.usgs.gov/nwis/inventory?agency_code=USGS&site_no=08109800,284, NGVD29,0.1517,296.5417,12.39,2017-08-28 20:45 CDT,2017-08-30 09:55:32 EDT
148,0,08110000,"Yegua Ck nr Somerville, TX",ST,USGS,-96.5074683,30.3218773,https://waterdata.usgs.gov/nwis/inventory?agency_code=USGS&site_no=08110000,199.21, NGVD29,0.1083,207.6383,8.32,2017-08-28 09:00 CDT,2017-08-30 09:55:36 EDT
149,0,08110100,"Davidson Ck nr Lyons, TX",ST,USGS,-96.5402466,30.41965196,https://waterdata.usgs.gov/nwis/inventory?agency_code=USGS&site_no=08110100,220.26, NGVD29,0.1195,239.8495,19.47,2017-08-28 07:15 CDT,2017-08-30 09:55:38 EDT
150,0,08117500,"San Bernard Rv nr Boling, TX",ST,USGS,-95.8938421,29.31357967,https://waterdata.usgs.gov/nwis/inventory?agency_code=USGS&site_no=08117500,30.81, NGVD29,-0.0084,74.4616,43.66,2017-08-30 08:45 CDT,2017-08-30 09:55:53 EDT
151,0,08117705,"San Bernard Rv nr Sweeney, TX",ST,USGS,-95.6766667,29.11194444,https://waterdata.usgs.gov/nwis/inventory?agency_code=USGS&site_no=08117705,0, NAVD88,0,28.72,28.72,2017-08-29 12:15 CDT,2017-08-30 09:55:54 EDT
152,0,08160400,"Colorado Rv abv La Grange, TX",ST,USGS,-96.9038699,29.9124474,https://waterdata.usgs.gov/nwis/inventory?agency_code=USGS&site_no=08160400,210.04, NGVD29,0.1507,264.0307,53.84,2017-08-28 13:00 CDT,2017-08-30 09:55:56 EDT
153,0,08160800,"Redgate Ck nr Columbus, TX",ST,USGS,-96.5321933,29.79911967,https://waterdata.usgs.gov/nwis/inventory?agency_code=USGS&site_no=08160800,210.82, NGVD29,0.0867,236.5067,25.6,2017-08-27 21:00 CDT,2017-08-30 09:55:57 EDT
154,0,08161000,"Colorado Rv at Columbus, TX",ST,USGS,-96.5369155,29.7063454,https://waterdata.usgs.gov/nwis/inventory?agency_code=USGS&site_no=08161000,145.52, NGVD29,0.0596,193.7096,48.13,2017-08-29 05:55 CDT,2017-08-30 09:55:58 EDT
155,0,08162000,"Colorado Rv at Wharton, TX",ST,USGS,-96.1038482,29.30913668,https://waterdata.usgs.gov/nwis/inventory?agency_code=USGS&site_no=08162000,52.42, NGVD29,-0.0065,102.9235,50.51,2017-08-30 07:55 CDT,2017-08-30 09:56:00 EDT
156,0,08162500,"Colorado Rv nr Bay City, TX",ST,USGS,-96.0124588,28.9741462,https://waterdata.usgs.gov/nwis/inventory?agency_code=USGS&site_no=08162500,0, NGVD29,-0.0939,44.5361,44.63,2017-08-30 07:15 CDT,2017-08-30 09:56:01 EDT
157,0,08162600,"Tres Palacios Rv nr Midfield, TX",ST,USGS,-96.1710747,28.92803769,https://waterdata.usgs.gov/nwis/inventory?agency_code=USGS&site_no=08162600,5.38, NGVD29,-0.115,35.115,29.85,2017-08-29 04:45 CDT,2017-08-30 09:56:02 EDT
158,0,8773146,"Matagorda City, TX", , , , ,https://tidesandcurrents.noaa.gov/stationhome.html?id=8773146,0,MLLW,0.5922,4.1162,3.524,2017-08-26 09:42 UTC,2017-08-26 09:00:37 EDT
159,0,8773701,"Port O?Connor, TX", , , , ,https://tidesandcurrents.noaa.gov/stationhome.html?id=8773701,0,MLLW,-0.4795,3.1195,3.599,2017-08-26 01:48 UTC,2017-08-26 09:00:41 EDT
160,0,8772447,"Freeport, TX", , , , ,https://tidesandcurrents.noaa.gov/stationhome.html?id=8772447,0,MLLW,-0.4414,3.8826,4.324,2017-08-25 22:00 UTC,2017-08-26 09:00:33 EDT
161,0,8772447,"Freeport, TX", , , , ,https://tidesandcurrents.noaa.gov/stationhome.html?id=8772447,0,MLLW,-0.4414,3.8826,4.324,2017-08-25 22:00 UTC,2017-08-26 09:00:33 EDT
162,0,BEAT2,Neches River at Beaument, ,NWS,-94.096389,30.133056,https://water.weather.gov/ahps2/hydrograph.php?wfo=LCH&gage=BEAT2,-0.78,NAVD88,0,19.8,20.58, , 
163,0,143,A119 Turkey Creek @ FM 1959,Stream Gauge,HCOHSEM,-95.1869,29.5845,http://www.hcoem.org/StreamGauge.aspx?G=143,0,NAVD88,0,31.0132,31.0132, , 
164,0,149,A100 Clear Creek @ Greentee,Stream Gauge,HCOHSEM,-95.254,29.5539,http://www.hcoem.org/StreamGauge.aspx?G=149,0,NAVD88,0,39.6,39.6, , 
165,0,159,A120 Beamer Ditch @ Hughes Rd,Stream Gauge,HCOHSEM,-95.2222,29.592,http://www.hcoem.org/StreamGauge.aspx?G=159,0,NAVD88,0,33.2075,33.2075, , 
166,0,189,A100 Clear Creek @ State Highway 288,Stream Gauge,HCOHSEM,-95.386,29.5857,http://www.hcoem.org/StreamGauge.aspx?G=189,0,NAVD88,0,56.1,56.1, , 
167,0,209,B100 Armand Bayou @ Pasadena Lake,Stream Gauge,HCOHSEM,-95.0699,29.567,http://www.hcoem.org/StreamGauge.aspx?G=209,0,NAVD88,0,9.13,9.13, , 
168,0,219,B100 Armand Bayou @ Genoa-Red Bluff,Stream Gauge,HCOHSEM,-95.1123,29.6345,http://www.hcoem.org/StreamGauge.aspx?G=219,0,NAVD88,0,19.47,19.47, , 
169,0,249,B104 Horsepen Bayou @ Bay Area Blvd,Stream Gauge,HCOHSEM,-95.1034,29.5834,http://www.hcoem.org/StreamGauge.aspx?G=249,0,NAVD88,0,15.7364,15.7364, , 
170,0,319,C106 Berry Bayou @ Forest Oaks,Stream Gauge,HCOHSEM,-95.2437,29.6766,http://www.hcoem.org/StreamGauge.aspx?G=319,0,NAVD88,0,24.64,24.64, , 
171,0,359,C100 Sims Bayou @ Martin Luther King,Stream Gauge,HCOHSEM,-95.337,29.6452,http://www.hcoem.org/StreamGauge.aspx?G=359,0,NAVD88,0,33.65,33.65, , 
172,0,369,C100 Sims Bayou @ State Highway 288,Stream Gauge,HCOHSEM,-95.3868,29.6318,http://www.hcoem.org/StreamGauge.aspx?G=369,0,NAVD88,0,39.4429,39.4429, , 
173,0,429,D100 Brays Bayou @ Stella Link,Stream Gauge,HCOHSEM,-95.44,29.6906,http://www.hcoem.org/StreamGauge.aspx?G=429,0,NAVD88,0,49.87,49.87, , 
174,0,474,D100 Brays Bayou @ Bellaire Blvd,Stream Gauge,HCOHSEM,-95.5657,29.7039,http://www.hcoem.org/StreamGauge.aspx?G=474,0,NAVD88,0,69.15,69.15, , 
175,0,484,D100 Brays Bayou @ State Highway 6,Stream Gauge,HCOHSEM,-95.6442,29.7156,http://www.hcoem.org/StreamGauge.aspx?G=484,0,NAVD88,0,78.92,78.92, , 
176,0,489,D118 Keegans Bayou @ Keegan,Stream Gauge,HCOHSEM,-95.5952,29.6656,http://www.hcoem.org/StreamGauge.aspx?G=489,0,NAVD88,0,80.16,80.16, , 
177,0,529,E100 White Oak Bayou @ Ella Blvd,Stream Gauge,HCOHSEM,-95.4298,29.804,http://www.hcoem.org/StreamGauge.aspx?G=529,0,NAVD88,0,55.39,55.39, , 
178,0,534,E100 White Oak Bayou @ Pinemont,Stream Gauge,HCOHSEM,-95.4587,29.841,http://www.hcoem.org/StreamGauge.aspx?G=534,0,NAVD88,0,66.58,66.58, , 
179,0,544,E100 White Oak Bayou @ Fairbanks N Houston,Stream Gauge,HCOHSEM,-95.5246,29.8771,http://www.hcoem.org/StreamGauge.aspx?G=544,0,NAVD88,0,90.67,90.67, , 
180,0,549,E100 White Oak Bayou @ Lakeview,Stream Gauge,HCOHSEM,-95.5562,29.8875,http://www.hcoem.org/StreamGauge.aspx?G=549,0,NAVD88,0,98.24,98.24, , 
181,0,554,E100 White Oak Bayou @ Jones Rd,Stream Gauge,HCOHSEM,-95.5846,29.9178,http://www.hcoem.org/StreamGauge.aspx?G=554,0,NAVD88,0,113.1083,113.1083, , 
182,0,584,E121 Vogel Creek @ Victory,Stream Gauge,HCOHSEM,-95.4699,29.8682,http://www.hcoem.org/StreamGauge.aspx?G=584,0,NAVD88,0,75.01,75.01, , 
183,0,594,E121 Vogel Creek @ Gulf Bank,Stream Gauge,HCOHSEM,-95.4677,29.8834,http://www.hcoem.org/StreamGauge.aspx?G=594,0,NAVD88,0,77.84,77.84, , 
184,0,819,H100 Hunting Bayou @ Interstate 10,Stream Gauge,HCOHSEM,-95.2277,29.7716,http://www.hcoem.org/StreamGauge.aspx?G=819,0,NAVD88,0,27.01,27.01, , 
185,0,1109,K100 Cypress Creek @ Cypresswood,Stream Gauge,HCOHSEM,-95.3301,30.0306,http://www.hcoem.org/StreamGauge.aspx?G=1109,0,NAVD88,0,76.57,76.57, , 
186,0,1114,K100 Cypress Creek @ Inverness Forest,Stream Gauge,HCOHSEM,-95.415,30.0377,http://www.hcoem.org/StreamGauge.aspx?G=1114,0,NAVD88,0,93.2628,93.2628, , 
187,0,1129,K100 Cypress Creek @ Kuykendahl,Stream Gauge,HCOHSEM,-95.4764,30.0244,http://www.hcoem.org/StreamGauge.aspx?G=1129,0,NAVD88,0,106.54,106.54, , 
188,0,1189,K166 Little Mound Creek @ Mathis,Stream Gauge,HCOHSEM,-95.9075,30.0059,http://www.hcoem.org/StreamGauge.aspx?G=1189,0,NAVD88,0,208.88,208.88, , 
189,0,1209,L100 Little Cypress Creek @ Kluge,Stream Gauge,HCOHSEM,-95.6292,29.9786,http://www.hcoem.org/StreamGauge.aspx?G=1209,0,NAVD88,0,137.54,137.54, , 
190,0,1339,M100 Willow Creek @ State Highway 249,Stream Gauge,HCOHSEM,-95.6204,30.063,http://www.hcoem.org/StreamGauge.aspx?G=1339,0,NAVD88,0,159.05,159.05, , 
191,0,1419,N100 Carpenters Bayou @ Interstate 10,Stream Gauge,HCOHSEM,-95.1474,29.7721,http://www.hcoem.org/StreamGauge.aspx?G=1419,0,NAVD88,0,17.72,17.72, , 
192,0,1439,N100 Carpenters Bayou @ Wallisville,Stream Gauge,HCOHSEM,-95.1591,29.8098,http://www.hcoem.org/StreamGauge.aspx?G=1439,0,NAVD88,0,31.95,31.95, , 
193,0,1459,N100 Carpenters Bayou @ Highway 90,Stream Gauge,HCOHSEM,-95.161,29.8392,http://www.hcoem.org/StreamGauge.aspx?G=1459,0,NAVD88,0,37.33,37.33, , 
194,0,1519,O100 Goose Creek @ State Highway 146,Stream Gauge,HCOHSEM,-94.9794,29.7502,http://www.hcoem.org/StreamGauge.aspx?G=1519,0,NAVD88,0,5.25,5.25, , 
195,0,1644,P100 Greens Bayou @ Beltway 8,Stream Gauge,HCOHSEM,-95.3496,29.9387,http://www.hcoem.org/StreamGauge.aspx?G=1644,0,NAVD88,0,69.58,69.58, , 
196,0,1649,P130 Garners Bayou @ Rankin Rd,Stream Gauge,HCOHSEM,-95.2721,29.9651,http://www.hcoem.org/StreamGauge.aspx?G=1649,0,NAVD88,0,68.6272,68.6272, , 
197,0,1664,P100 Greens Bayou @ Bammel North Houston Rd,Stream Gauge,HCOHSEM,-95.4982,29.9487,http://www.hcoem.org/StreamGauge.aspx?G=1664,0,NAVD88,0,106.09,106.09, , 
198,0,1689,P118 Halls Bayou @ Airline,Stream Gauge,HCOHSEM,-95.3969,29.8927,http://www.hcoem.org/StreamGauge.aspx?G=1689,0,NAVD88,0,76.98,76.98, , 
199,0,1939,S100 Luce Bayou @ FM 2100,Stream Gauge,HCOHSEM,-95.0986,30.0672,http://www.hcoem.org/StreamGauge.aspx?G=1939,0,NAVD88,0,59.7931,59.7931, , 
200,0,2019,T101 Mason Creek @ Prince Creek,Stream Gauge,HCOHSEM,-95.7278,29.7674,http://www.hcoem.org/StreamGauge.aspx?G=2019,0,NAVD88,0,107.76,107.76, , 
201,0,2039,T100 Buffalo Bayou @ Highway 90,Stream Gauge,HCOHSEM,-95.8264,29.7858,http://www.hcoem.org/StreamGauge.aspx?G=2039,0,NAVD88,0,139.34,139.34, , 
202,0,2179,U102 Bear Creek @ FM 529,Stream Gauge,HCOHSEM,-95.7703,29.8753,http://www.hcoem.org/StreamGauge.aspx?G=2179,0,NAVD88,0,149.54,149.54, , 
203,0,2209,W100 Buffalo Bayou @ Turning Basin,Stream Gauge,HCOHSEM,-95.2899,29.7521,http://www.hcoem.org/StreamGauge.aspx?G=2209,0,NAVD88,0,12.06,12.06, , 
204,0,2249,W140 Spring Branch @ Bingle,Stream Gauge,HCOHSEM,-95.5004,29.7963,http://www.hcoem.org/StreamGauge.aspx?G=2249,0,NAVD88,0,62.76,62.76, , 
205,0,1168,K100_1165 Cypress Creek @ Eldridge Parkway N., , ,0,0,https://www.harriscountyfws.org/GageDetail/Index/755?span=24%20Hours&v=rainfall,0,NAVD88,0,130.85,130.85, , 
206,0,1153,K100_1150 Cypress Creek @ SH 249, , ,0,0,https://www.harriscountyfws.org/GageDetail/Index/755?span=24%20Hours&v=rainfall,0,NAVD88,0,123.3,123.3, , 
207,0,1173,K100_1170 Cypress Creek @ Huffmeister Road, , ,0,0,https://www.harriscountyfws.org/GageDetail/Index/755?span=24%20Hours&v=rainfall,0,NAVD88,0,135.25,135.25, , 
208,0,1063,J100_1060 Spring Creek @ Kuykendahl Road, , ,0,0,https://www.harriscountyfws.org/GageDetail/Index/1060?span=24%20Hours&v=rainfall,0,NAVD88,0,140.87,140.87, , 
209,0,1039,J100_1040 Spring Creek @ FM 2978, , ,0,0,https://www.harriscountyfws.org/GageDetail/Index/1060?span=24%20Hours&v=rainfall,0,NAVD88,0,154.3,154.3, , 
210,0,468,D100_465 Brays Bayou @ Beltway 8, , ,0,0,https://www.harriscountyfws.org/GageDetail/Index/1060?span=24%20Hours&v=rainfall,0,NAVD88,0,67.4664,67.4664, , 
211,0,443,D100_440 Brays Bayou @ Rice Avenue, , ,0,0,https://www.harriscountyfws.org/GageDetail/Index/1060?span=24%20Hours&v=rainfall,0,NAVD88,0,54.15,54.15, , 
212,0,413,D100_410 Brays Bayou @ Lawndale Street, , ,0,0,https://www.harriscountyfws.org/GageDetail/Index/1060?span=24%20Hours&v=rainfall,0,NAVD88,0,20.74,20.74, , 
213,0,403,D109_400 Harris Gully @ South McGregor Way, , ,0,0,https://www.harriscountyfws.org/GageDetail/Index/1060?span=24%20Hours&v=rainfall,0,NAVD88,0,39.8712,39.8712, , 
214,0,2259,W100_2260 Buffalo Bayou @ San Felipe Drive, , ,0,0,https://www.harriscountyfws.org/GageDetail/Index/1060?span=24%20Hours&v=rainfall,0,NAVD88,0,59.89,59.89, , 
215,0,LCHL1,"Calcasieu River at Saltwater Barrier, LA",HPIRG,NWS,-93.218056,30.253611,https://water.weather.gov/ahps2/hydrograph.php?wfo=lch&gage=lchl1,-0.61,NAVD88,0,6.913,7.34,2017-08-30 16:00 UTC,2017-08-31 10:02:28 EDT
216,0,LCRL1,"Calcasieu River at Sam Houston Jones State Park, LA",HGIRZ,NWS,-93.262778,30.294167,https://water.weather.gov/ahps2/hydrograph.php?wfo=lch&gage=lcrl1,-0.98,NAVD88,0,10.22,11.2,2017-08-29 17:00 UTC,2017-08-31 10:02:32 EDT
217,0,OTBL1,"Calcasieu River at Old Town Bay, LA",HGIRZ,NWS,-93.144722,30.290278,https://water.weather.gov/ahps2/hydrograph.php?wfo=lch&gage=otbl1,-2.1,NAVD88,0,8.2,10.3,2017-08-31 10:00 UTC,2017-08-31 10:02:46 EDT
218,0,1233,L100_1230 Little Cypress Creek @ Becker Road, , , , ,https://www.harriscountyfws.org/GageDetail/Index/1230?span=24%20Hours&v=rainfall,0,NAVD88,0,197.82,197.82, , 
219,0,1076,1076 Birch Creek @ Riley Road, , , , ,https://www.harriscountyfws.org/GageDetail/Index/1076?span=24%20Hours&v=rainfall,0,NAVD88,0,263.5728,263.5728, , 
220,0,1087,1086 Threemile Creek @ FM 362, , , , ,1086 Threemile Creek @ FM 362,0,NAVD88,0,272.8683,272.8683, , 
221,0,1084,1084 Threemile Creek @ Joseph Road, , , , ,https://www.harriscountyfws.org/GageDetail/Index/1084?span=24%20Hours&v=rainfall,0,NAVD88,0,242.1023,242.1023, , 
222,0,2169,U101_2170 South Mayde Creek @ Morton Road, , , , ,https://www.harriscountyfws.org/GageDetail/Index/2170?span=24%20Hours&v=rainfall,0,NAVD88,0,124.83,124.83, , 
223,0,2193,U101_2190 South Mayde Creek @ Peek Road, , , , ,https://www.harriscountyfws.org/GageDetail/Index/2190?span=24%20Hours&v=rainfall,0,NAVD88,0,144.61,144.61, , 
224,0,2049,2050 Cane Island Branch @ Clay Road, , , , ,https://www.harriscountyfws.org/GageDetail/Index/2050?span=24%20Hours&v=rainfall, , ,0,157.5475,157.5475, , 
225,0,498,D118_495 Keegans Bayou @ Rocky Valley, , , , ,https://www.harriscountyfws.org/GageDetail/Index/495?span=24%20Hours&v=rainfall,0,NAVD88,0,85.0433,85.0433, , 
226,0,08013500,"Calcasieu River near Oberlin, LA",ST,USGS,-92.8140368,30.6404757,https://waterdata.usgs.gov/nwis/inventory?agency_code=USGS&site_no=08013500,39.43, NGVD29,0.0594,55.8394,16.35,2017-08-31 08:00 CDT,2017-08-31 09:56:22 EDT
227,0,OKDL1,"Calcasieu River at Oakdale, LA",HGIRZ,NWS,-92.685,30.8225,https://water.weather.gov/ahps2/hydrograph.php?wfo=lch&gage=okdl1,83,NGVD29,0.0687,94.0687,11,2017-08-30 21:20 UTC,2017-09-01 07:36:20 EDT
228,0,LUFT2,"Angelina River at Lufkin, TX",HGIRZ,NWS,-94.726111,31.457222,https://water.weather.gov/ahps2/hydrograph.php?wfo=shv&gage=luft2,164.72,NGVD29,-0.2421,173.6779,9.2,2017-08-31 12:00 UTC,2017-09-01 07:36:17 EDT
229,87, ,Estimated extent of impoundment using BFEs,ST,USGS,-95.646944, 29.769722,https://waterdata.usgs.gov/tx/nwis/inventory/?site_no=08072500&agency_cd=USGS,0,NAVD88,0,101.56,101.56, , 
230,87, ,Estimated extent of impoundment using BFEs,ST,USGS,-95.646944, 29.769722,https://waterdata.usgs.gov/tx/nwis/inventory/?site_no=08072500&agency_cd=USGS,0,NAVD88,0,101.56,101.56, , 
231,87, ,Estimated extent of impoundment using BFEs,ST,USGS,-95.646944, 29.769722,https://waterdata.usgs.gov/tx/nwis/inventory/?site_no=08072500&agency_cd=USGS,0,NAVD88,0,101.56,101.56, , 
232,86, ,Estimated extent of impoundment using BFEs,ST,USGS,-95.62333,29.791111,https://waterdata.usgs.gov/nwis/inventory/?site_no=08073000&agency_cd=USGS,0,NAVD88,0,109.09,109.09, , 
233,86, ,Estimated extent of impoundment using BFEs,ST,USGS,-95.62333,29.791111,https://waterdata.usgs.gov/nwis/inventory/?site_no=08073000&agency_cd=USGS,0,NAVD88,0,109.09,109.09, , 
234,86, ,Estimated extent of impoundment using BFEs,ST,USGS,-95.62333,29.791111,https://waterdata.usgs.gov/nwis/inventory/?site_no=08073000&agency_cd=USGS,0,NAVD88,0,109.09,109.09, , 
235,86, ,Estimated extent of impoundment using BFEs,ST,USGS,-95.62333,29.791111,https://waterdata.usgs.gov/nwis/inventory/?site_no=08073000&agency_cd=USGS,0,NAVD88,0,109.09,109.09, , 
236,86, ,Estimated extent of impoundment using BFEs,ST,USGS,-95.62333,29.791111,https://waterdata.usgs.gov/nwis/inventory/?site_no=08073000&agency_cd=USGS,0,NAVD88,0,109.09,109.09, , 
